﻿<?xml version="1.0" encoding="utf-8"?>
<deployment>
  <id>c0470fce-ad29-4133-93dc-e83f47440a3f</id>
  <author>N/A</author>
  <deployer>OneDeploy</deployer>
  <authorEmail>N/A</authorEmail>
  <message>OneDeploy</message>
  <progress></progress>
  <status>Success</status>
  <statusText></statusText>
  <lastSuccessEndTime>2025-06-12T23:10:45.5681185Z</lastSuccessEndTime>
  <receivedTime>2025-06-12T23:09:53.9770953Z</receivedTime>
  <startTime>2025-06-12T23:09:55.1675596Z</startTime>
  <endTime>2025-06-12T23:10:45.5681185Z</endTime>
  <complete>True</complete>
  <is_temp>False</is_temp>
  <is_readonly>True</is_readonly>
  <buildSummary />
</deployment>