<step title="Incoming Request" date="2025-06-12T22:52:34.287" instance="a3822c" url="/api/deployments/latest?deployer=OneDeploy&amp;time=2025-06-12_22-52-22Z" method="GET" type="request" pid="821,1,38" Host="vitcotestcf-hqhrhwcaehe0cae6.scm.westus-01.azurewebsites.net" User-Agent="GITHUBACTIONS_DeployWebAppToAzure_fc82b46ba5bb77cadf9165663fd2d4f66cb4a31811d6f7161884776312762882" Authorization="Bea..." Content-Type="application/json; charset=utf-8" Cookie="ARRAffinity=a3822c2d8e6c282e858ccf385ab6ea78b8bef2fd91cc6dcf216d29853550333c;Path=/;HttpOnly;Secure;Domain=vitcotestcf-hqhrhwcaehe0cae6.scm.westus-01.azurewebsites.net; ARRAffinitySameSite=a3822c2d8e6c282e858ccf385ab6ea78b8bef2fd91cc6dcf216d29853550333c;Path=/;HttpOnly;SameSite=None;Secure;Domain=vitcotestcf-hqhrhwcaehe0cae6.scm.westus-01.azurewebsites.net" Content-Length="0" X-ARR-LOG-ID="9fd4871c-8708-4e10-a42f-203c1eb2427f" CLIENT-IP="40.69.165.172:1984" X-SITE-DEPLOYMENT-ID="vitcotestcf" WAS-DEFAULT-HOSTNAME="vitcotestcf-hqhrhwcaehe0cae6.scm.westus-01.azurewebsites.net" X-Forwarded-Proto="https" X-AppService-Proto="https" X-Forwarded-TlsVersion="1.3" X-WAWS-Unencoded-URL="/api/deployments/latest?deployer=OneDeploy&amp;time=2025-06-12_22-52-22Z" X-Client-IP="40.69.165.172" X-Client-Port="1984" >
  <step title="Cleanup Xml Logs" date="2025-06-12T22:52:34.328" /><!-- duration: 70ms -->
  <step title="DeploymentService.GetResult" date="2025-06-12T22:52:34.478" >
    <step title="DeploymentService.GetLatestDeployment" date="2025-06-12T22:52:34.559" >
      <step title="DeploymentManager.GetResults" date="2025-06-12T22:52:34.568" /><!-- duration: 353ms -->
      <step title="Deployment b73f3e6f-7fc2-42ee-85c1-c88578897ceb is Building" date="2025-06-12T22:52:34.941" /><!-- duration: 9ms -->
    </step><!-- duration: 393ms -->
  </step><!-- duration: 483ms -->
  <step title="Outgoing response" date="2025-06-12T22:52:34.982" type="response" statusCode="202" statusText="Accepted" /><!-- duration: 29ms -->
</step><!-- duration: 733ms -->
