<step title="Incoming Request" date="2025-06-12T22:25:57.718" instance="a3822c" url="/api/publish?async=true&amp;deployer=GITHUB_ONE_DEPLOY&amp;type=zip&amp;message=%7B%22type%22%3A%22deployment%22%2C%22sha%22%3A%2290a19ff351ae7f2ec6645ddcd5b985264a173e4d%22%2C%22repoName%22%3A%22ianrelecker%2FcloudflareFailover%22%2C%22actor%22%3A%22ianrelecker%22%2C%22slotName%22%3A%22Production%22%2C%22commitMessage%22%3A%22Updates%22%7D" method="POST" type="request" pid="821,1,22" Host="vitcotestcf-hqhrhwcaehe0cae6.scm.westus-01.azurewebsites.net" User-Agent="GITHUBACTIONS_DeployWebAppToAzure_fc82b46ba5bb77cadf9165663fd2d4f66cb4a31811d6f7161884776312762882" Authorization="Bea..." Content-Type="application/octet-stream" Cookie="ARRAffinity=a3822c2d8e6c282e858ccf385ab6ea78b8bef2fd91cc6dcf216d29853550333c;Path=/;HttpOnly;Secure;Domain=vitcotestcf-hqhrhwcaehe0cae6.scm.westus-01.azurewebsites.net; ARRAffinitySameSite=a3822c2d8e6c282e858ccf385ab6ea78b8bef2fd91cc6dcf216d29853550333c;Path=/;HttpOnly;SameSite=None;Secure;Domain=vitcotestcf-hqhrhwcaehe0cae6.scm.westus-01.azurewebsites.net" Transfer-Encoding="chunked" X-ARR-LOG-ID="561fe361-bbd1-4e92-94a2-e9c94c12f938" CLIENT-IP="20.171.139.89:1984" X-SITE-DEPLOYMENT-ID="vitcotestcf" WAS-DEFAULT-HOSTNAME="vitcotestcf-hqhrhwcaehe0cae6.scm.westus-01.azurewebsites.net" X-Forwarded-Proto="https" X-AppService-Proto="https" X-Forwarded-TlsVersion="1.3" X-WAWS-Unencoded-URL="/api/publish?async=true&amp;deployer=GITHUB_ONE_DEPLOY&amp;type=zip&amp;message=%7B%22type%22%3A%22deployment%22%2C%22sha%22%3A%2290a19ff351ae7f2ec6645ddcd5b985264a173e4d%22%2C%22repoName%22%3A%22ianrelecker%2FcloudflareFailover%22%2C%22actor%22%3A%22ianrelecker%22%2C%22slotName%22%3A%22Production%22%2C%22commitMessage%22%3A%22Updates%22%7D" X-Client-IP="20.171.139.89" X-Client-Port="1984" >
  <step title="OneDeploy" date="2025-06-12T22:25:57.988" >
    <step title="None repository commit" date="2025-06-12T22:25:58.006" >
      <step title="Commit id: 08471047-2bba-43f1-a059-2faac50d8df2" date="2025-06-12T22:25:58.008" Message="N/A" AuthorName="N/A" AuthorEmail="N/A" /><!-- duration: 1ms -->
    </step><!-- duration: 5ms -->
    <step title="Starting PushDeployAsync" date="2025-06-12T22:25:58.015" /><!-- duration: 2ms -->
    <step title="Writing artifact to /tmp/zipdeploy/8368ddbc-9260-4ff2-a59f-b0cb00d07117.zip" date="2025-06-12T22:25:58.045" >
      <step title="Writing multipart request body to /tmp/zipdeploy/8368ddbc-9260-4ff2-a59f-b0cb00d07117.zip" date="2025-06-12T22:25:58.047" /><!-- duration: 1ms -->
    </step><!-- duration: 846ms -->
    <step title="Removing previous build artifact&apos;s manifest file" date="2025-06-12T22:25:58.911" >
      <step title="Start deployment in the background" date="2025-06-12T22:25:58.991" >
        <step title="Acquiring Deployment Lock" date="2025-06-12T22:25:59.111" /><!-- duration: 2ms -->
        <step title="Acquired Deployment Lock" date="2025-06-12T22:25:59.166" /><!-- duration: 2ms -->
      </step><!-- duration: 253ms -->
    </step><!-- duration: 344ms -->
    <step title="Outgoing response" date="2025-06-12T22:25:59.267" type="response" statusCode="202" statusText="Accepted" /><!-- duration: 2ms -->
  </step><!-- duration: 1282ms -->
