<step title="BackgroundTrace" date="2025-06-12T23:09:48.228" instance="a3822c" url="/api/publish" method="POST" >
  <step title="Cleanup Xml Logs" date="2025-06-12T23:09:48.233" /><!-- duration: 10ms -->
  <step title="Creating temporary deployment - FetchDeploymentManager" date="2025-06-12T23:09:48.278" /><!-- duration: 1ms -->
  <step title="Creating temporary deployment" date="2025-06-12T23:09:48.286" /><!-- duration: 71ms -->
  <step title="Performing fetch based deployment" date="2025-06-12T23:09:48.384" >
    <step title="Cleaning up temp folders from previous zip deployments and extracting pushed zip file /tmp/zipdeploy/46072298-439e-4969-94f5-f29cc3e6965d.zip (17.36 MB) to /tmp/zipdeploy/extracted" date="2025-06-12T23:09:49.476" >
      <step title="ChmodRecursive Process exited with total time taken in ms: 158" date="2025-06-12T23:09:51.846" /><!-- duration: 4ms -->
    </step><!-- duration: 2374ms -->
    <step title="Deployment timer started" date="2025-06-12T23:09:53.876" >
      <step title="DeploymentManager.Deploy(id:c0470fce-ad29-4133-93dc-e83f47440a3f)" date="2025-06-12T23:09:53.885" >
        <step title="Collecting changeset information" date="2025-06-12T23:09:53.936" /><!-- duration: 79ms -->
        <step title="Updating submodules" date="2025-06-12T23:09:54.018" /><!-- duration: 1069ms -->
        <step title="Determining deployment builder" date="2025-06-12T23:09:55.207" >
          <step title="Builder is OryxBuilder" date="2025-06-12T23:09:55.218" /><!-- duration: 7ms -->
        </step><!-- duration: 20ms -->
        <step title="PreDeployment: context.CleanOutputPath False" date="2025-06-12T23:09:55.266" >
          <step title="PreDeployment: context.OutputPath /home/site/wwwroot" date="2025-06-12T23:09:55.343" >
            <step title="Building" date="2025-06-12T23:09:55.436" >
              <step title="Executing external process" date="2025-06-12T23:09:55.678" type="process" path="bash" arguments="-c &quot;oryx build /tmp/zipdeploy/extracted -o /home/site/wwwroot --platform python --platform-version 3.13 -p virtualenv_name=antenv --log-file /tmp/build-debug.log  -i /tmp/8ddaa063e8ac85a --compress-destination-dir | tee /tmp/oryx-build.log ; exit $PIPESTATUS &quot;" /><!-- duration: 48607ms -->
              <step title="Using PythonDeploymentLogParser" date="2025-06-12T23:10:44.550" /><!-- duration: 1ms -->
              <step title="Modified file to trigger a restart of the app container." date="2025-06-12T23:10:45.258" /><!-- duration: 1ms -->
              <step title="Skip function trigger and logicapp sync because function is not enabled." date="2025-06-12T23:10:45.263" /><!-- duration: 1ms -->
            </step><!-- duration: 50599ms -->
          </step><!-- duration: 50693ms -->
          <step title="Cleaning up temp files" date="2025-06-12T23:10:46.037" /><!-- duration: 454ms -->
          <step title="Cleaning up temp files" date="2025-06-12T23:10:46.501" /><!-- duration: 521ms -->
          <step title="Reloading status file with latest updates" date="2025-06-12T23:10:47.040" >
            <step title="WebHooksManager.PublishEventAsync: PostDeployment" date="2025-06-12T23:10:47.058" /><!-- duration: 42ms -->
          </step><!-- duration: 61ms -->
          <step title="Cleaning up temporary deployment - fetch deployment was successful" date="2025-06-12T23:10:47.104" /><!-- duration: 1ms -->
        </step><!-- duration: 51872ms -->
      </step><!-- duration: 53260ms -->
