<step title="Incoming Request" date="2025-06-12T22:27:25.390" instance="a3822c" url="/api/deployments/latest?deployer=OneDeploy&amp;time=2025-06-12_22-25-59Z" method="GET" type="request" pid="821,1,27" Host="vitcotestcf-hqhrhwcaehe0cae6.scm.westus-01.azurewebsites.net" User-Agent="GITHUBACTIONS_DeployWebAppToAzure_fc82b46ba5bb77cadf9165663fd2d4f66cb4a31811d6f7161884776312762882" Authorization="Bea..." Content-Type="application/json; charset=utf-8" Cookie="ARRAffinity=a3822c2d8e6c282e858ccf385ab6ea78b8bef2fd91cc6dcf216d29853550333c;Path=/;HttpOnly;Secure;Domain=vitcotestcf-hqhrhwcaehe0cae6.scm.westus-01.azurewebsites.net; ARRAffinitySameSite=a3822c2d8e6c282e858ccf385ab6ea78b8bef2fd91cc6dcf216d29853550333c;Path=/;HttpOnly;SameSite=None;Secure;Domain=vitcotestcf-hqhrhwcaehe0cae6.scm.westus-01.azurewebsites.net" Content-Length="0" X-ARR-LOG-ID="796c6604-7fd3-4ab5-a0f3-21043b185494" CLIENT-IP="20.171.139.89:1984" X-SITE-DEPLOYMENT-ID="vitcotestcf" WAS-DEFAULT-HOSTNAME="vitcotestcf-hqhrhwcaehe0cae6.scm.westus-01.azurewebsites.net" X-Forwarded-Proto="https" X-AppService-Proto="https" X-Forwarded-TlsVersion="1.3" X-WAWS-Unencoded-URL="/api/deployments/latest?deployer=OneDeploy&amp;time=2025-06-12_22-25-59Z" X-Client-IP="20.171.139.89" X-Client-Port="1984" >
  <step title="Cleanup Xml Logs" date="2025-06-12T22:27:25.403" /><!-- duration: 48ms -->
  <step title="DeploymentService.GetResult" date="2025-06-12T22:27:25.523" >
    <step title="DeploymentService.GetLatestDeployment" date="2025-06-12T22:27:25.524" >
      <step title="DeploymentManager.GetResults" date="2025-06-12T22:27:25.544" /><!-- duration: 510ms -->
      <step title="Deployment temp-da829906 is Pending" date="2025-06-12T22:27:26.056" /><!-- duration: 9ms -->
    </step><!-- duration: 542ms -->
  </step><!-- duration: 552ms -->
  <step title="Outgoing response" date="2025-06-12T22:27:26.084" type="response" statusCode="202" statusText="Accepted" /><!-- duration: 11ms -->
</step><!-- duration: 713ms -->
