<step title="Incoming Request" date="2025-06-12T23:09:47.465" instance="a3822c" url="/api/publish?async=true&amp;deployer=GITHUB_ONE_DEPLOY&amp;type=zip&amp;message=%7B%22type%22%3A%22deployment%22%2C%22sha%22%3A%2258f2413524ceca048e3c05cff9c9d36a1b39dba9%22%2C%22repoName%22%3A%22ianrelecker%2FcloudflareFailover%22%2C%22actor%22%3A%22ianrelecker%22%2C%22slotName%22%3A%22Production%22%2C%22commitMessage%22%3A%22Changing%20failover%20logic%22%7D" method="POST" type="request" pid="821,1,31" Host="vitcotestcf-hqhrhwcaehe0cae6.scm.westus-01.azurewebsites.net" User-Agent="GITHUBACTIONS_DeployWebAppToAzure_fc82b46ba5bb77cadf9165663fd2d4f66cb4a31811d6f7161884776312762882" Authorization="Bea..." Content-Type="application/octet-stream" Cookie="ARRAffinity=a3822c2d8e6c282e858ccf385ab6ea78b8bef2fd91cc6dcf216d29853550333c;Path=/;HttpOnly;Secure;Domain=vitcotestcf-hqhrhwcaehe0cae6.scm.westus-01.azurewebsites.net; ARRAffinitySameSite=a3822c2d8e6c282e858ccf385ab6ea78b8bef2fd91cc6dcf216d29853550333c;Path=/;HttpOnly;SameSite=None;Secure;Domain=vitcotestcf-hqhrhwcaehe0cae6.scm.westus-01.azurewebsites.net" Transfer-Encoding="chunked" X-ARR-LOG-ID="f30f7ecf-fa05-4986-bc11-81880b327806" CLIENT-IP="40.83.173.114:1984" X-SITE-DEPLOYMENT-ID="vitcotestcf" WAS-DEFAULT-HOSTNAME="vitcotestcf-hqhrhwcaehe0cae6.scm.westus-01.azurewebsites.net" X-Forwarded-Proto="https" X-AppService-Proto="https" X-Forwarded-TlsVersion="1.3" X-WAWS-Unencoded-URL="/api/publish?async=true&amp;deployer=GITHUB_ONE_DEPLOY&amp;type=zip&amp;message=%7B%22type%22%3A%22deployment%22%2C%22sha%22%3A%2258f2413524ceca048e3c05cff9c9d36a1b39dba9%22%2C%22repoName%22%3A%22ianrelecker%2FcloudflareFailover%22%2C%22actor%22%3A%22ianrelecker%22%2C%22slotName%22%3A%22Production%22%2C%22commitMessage%22%3A%22Changing%20failover%20logic%22%7D" X-Client-IP="40.83.173.114" X-Client-Port="1984" >
  <step title="OneDeploy" date="2025-06-12T23:09:47.582" >
    <step title="Starting PushDeployAsync" date="2025-06-12T23:09:47.587" /><!-- duration: 1ms -->
    <step title="Writing artifact to /tmp/zipdeploy/46072298-439e-4969-94f5-f29cc3e6965d.zip" date="2025-06-12T23:09:47.612" >
      <step title="Writing multipart request body to /tmp/zipdeploy/46072298-439e-4969-94f5-f29cc3e6965d.zip" date="2025-06-12T23:09:47.614" /><!-- duration: 1ms -->
    </step><!-- duration: 582ms -->
    <step title="Removing previous build artifact&apos;s manifest file" date="2025-06-12T23:09:48.197" >
      <step title="Start deployment in the background" date="2025-06-12T23:09:48.225" >
        <step title="Acquiring Deployment Lock" date="2025-06-12T23:09:48.256" /><!-- duration: 1ms -->
        <step title="Acquired Deployment Lock" date="2025-06-12T23:09:48.276" /><!-- duration: 1ms -->
      </step><!-- duration: 132ms -->
    </step><!-- duration: 163ms -->
    <step title="Outgoing response" date="2025-06-12T23:09:48.372" type="response" statusCode="202" statusText="Accepted" /><!-- duration: 1ms -->
  </step><!-- duration: 792ms -->
