<step title="BackgroundTrace" date="2025-06-12T22:25:59.001" instance="a3822c" url="/api/publish" method="POST" >
  <step title="Cleanup Xml Logs" date="2025-06-12T22:25:59.012" /><!-- duration: 19ms -->
  <step title="Creating temporary deployment - FetchDeploymentManager" date="2025-06-12T22:25:59.168" /><!-- duration: 1ms -->
  <step title="Creating temporary deployment" date="2025-06-12T22:25:59.172" /><!-- duration: 70ms -->
  <step title="Performing fetch based deployment" date="2025-06-12T22:25:59.278" >
    <step title="Cleaning up temp folders from previous zip deployments and extracting pushed zip file /tmp/zipdeploy/8368ddbc-9260-4ff2-a59f-b0cb00d07117.zip (17.22 MB) to /tmp/zipdeploy/extracted" date="2025-06-12T22:26:00.415" >
      <step title="ChmodRecursive Process exited with total time taken in ms: 262" date="2025-06-12T22:26:04.175" /><!-- duration: 9ms -->
    </step><!-- duration: 3771ms -->
    <step title="Deployment timer started" date="2025-06-12T22:26:06.207" >
      <step title="DeploymentManager.Deploy(id:08471047-2bba-43f1-a059-2faac50d8df2)" date="2025-06-12T22:26:06.212" >
        <step title="Collecting changeset information" date="2025-06-12T22:26:06.252" /><!-- duration: 64ms -->
        <step title="Updating submodules" date="2025-06-12T22:26:06.325" /><!-- duration: 1122ms -->
        <step title="Determining deployment builder" date="2025-06-12T22:26:07.651" >
          <step title="Builder is OryxBuilder" date="2025-06-12T22:26:07.677" /><!-- duration: 8ms -->
        </step><!-- duration: 38ms -->
        <step title="PreDeployment: context.CleanOutputPath False" date="2025-06-12T22:26:07.738" >
          <step title="PreDeployment: context.OutputPath /home/site/wwwroot" date="2025-06-12T22:26:07.820" >
            <step title="Building" date="2025-06-12T22:26:07.918" >
              <step title="Executing external process" date="2025-06-12T22:26:08.232" type="process" path="bash" arguments="-c &quot;oryx build /tmp/zipdeploy/extracted -o /home/site/wwwroot --platform python --platform-version 3.13 -p virtualenv_name=antenv --log-file /tmp/build-debug.log  -i /tmp/8ddaa00206965ab --compress-destination-dir | tee /tmp/oryx-build.log ; exit $PIPESTATUS &quot;" /><!-- duration: 72394ms -->
              <step title="Using PythonDeploymentLogParser" date="2025-06-12T22:27:21.721" /><!-- duration: 11ms -->
              <step title="Modified file to trigger a restart of the app container." date="2025-06-12T22:27:23.271" /><!-- duration: 30ms -->
              <step title="Skip function trigger and logicapp sync because function is not enabled." date="2025-06-12T22:27:23.340" /><!-- duration: 2ms -->
            </step><!-- duration: 76319ms -->
          </step><!-- duration: 76427ms -->
          <step title="Cleaning up temp files" date="2025-06-12T22:27:24.247" /><!-- duration: 1527ms -->
          <step title="Cleaning up temp files" date="2025-06-12T22:27:25.862" /><!-- duration: 625ms -->
          <step title="Reloading status file with latest updates" date="2025-06-12T22:27:26.547" >
            <step title="WebHooksManager.PublishEventAsync: PostDeployment" date="2025-06-12T22:27:26.618" /><!-- duration: 360ms -->
          </step><!-- duration: 441ms -->
          <step title="Cleaning up temporary deployment - fetch deployment was successful" date="2025-06-12T22:27:27.021" /><!-- duration: 20ms -->
        </step><!-- duration: 79451ms -->
      </step><!-- duration: 81037ms -->
