<step title="Incoming Request" date="2025-06-12T22:52:19.763" instance="a3822c" url="/api/publish?async=true&amp;deployer=GITHUB_ONE_DEPLOY&amp;type=zip&amp;message=%7B%22type%22%3A%22deployment%22%2C%22sha%22%3A%22bb27e968ee8521d37d1eedf254fcbfd3cc4572e3%22%2C%22repoName%22%3A%22ianrelecker%2FcloudflareFailover%22%2C%22actor%22%3A%22ianrelecker%22%2C%22slotName%22%3A%22Production%22%2C%22commitMessage%22%3A%22Error%2C%20commit%20messages%20are%20hard%22%7D" method="POST" type="request" pid="821,1,40" Host="vitcotestcf-hqhrhwcaehe0cae6.scm.westus-01.azurewebsites.net" User-Agent="GITHUBACTIONS_DeployWebAppToAzure_fc82b46ba5bb77cadf9165663fd2d4f66cb4a31811d6f7161884776312762882" Authorization="Bea..." Content-Type="application/octet-stream" Cookie="ARRAffinity=a3822c2d8e6c282e858ccf385ab6ea78b8bef2fd91cc6dcf216d29853550333c;Path=/;HttpOnly;Secure;Domain=vitcotestcf-hqhrhwcaehe0cae6.scm.westus-01.azurewebsites.net; ARRAffinitySameSite=a3822c2d8e6c282e858ccf385ab6ea78b8bef2fd91cc6dcf216d29853550333c;Path=/;HttpOnly;SameSite=None;Secure;Domain=vitcotestcf-hqhrhwcaehe0cae6.scm.westus-01.azurewebsites.net" Transfer-Encoding="chunked" X-ARR-LOG-ID="32113efd-c00b-43b5-87b6-be7cf481b241" CLIENT-IP="40.69.165.172:1984" X-SITE-DEPLOYMENT-ID="vitcotestcf" WAS-DEFAULT-HOSTNAME="vitcotestcf-hqhrhwcaehe0cae6.scm.westus-01.azurewebsites.net" X-Forwarded-Proto="https" X-AppService-Proto="https" X-Forwarded-TlsVersion="1.3" X-WAWS-Unencoded-URL="/api/publish?async=true&amp;deployer=GITHUB_ONE_DEPLOY&amp;type=zip&amp;message=%7B%22type%22%3A%22deployment%22%2C%22sha%22%3A%22bb27e968ee8521d37d1eedf254fcbfd3cc4572e3%22%2C%22repoName%22%3A%22ianrelecker%2FcloudflareFailover%22%2C%22actor%22%3A%22ianrelecker%22%2C%22slotName%22%3A%22Production%22%2C%22commitMessage%22%3A%22Error%2C%20commit%20messages%20are%20hard%22%7D" X-Client-IP="40.69.165.172" X-Client-Port="1984" >
  <step title="OneDeploy" date="2025-06-12T22:52:19.844" >
    <step title="Starting PushDeployAsync" date="2025-06-12T22:52:19.875" /><!-- duration: 8ms -->
    <step title="Writing artifact to /tmp/zipdeploy/0f0925ac-c35f-4e6c-9434-2a5db78de7e4.zip" date="2025-06-12T22:52:20.004" >
      <step title="Writing multipart request body to /tmp/zipdeploy/0f0925ac-c35f-4e6c-9434-2a5db78de7e4.zip" date="2025-06-12T22:52:20.023" /><!-- duration: 70ms -->
    </step><!-- duration: 1720ms -->
    <step title="Removing previous build artifact&apos;s manifest file" date="2025-06-12T22:52:21.824" >
      <step title="Start deployment in the background" date="2025-06-12T22:52:21.897" >
        <step title="Acquiring Deployment Lock" date="2025-06-12T22:52:22.068" /><!-- duration: 29ms -->
        <step title="Acquired Deployment Lock" date="2025-06-12T22:52:22.247" /><!-- duration: 1ms -->
      </step><!-- duration: 642ms -->
    </step><!-- duration: 755ms -->
    <step title="Outgoing response" date="2025-06-12T22:52:22.598" type="response" statusCode="202" statusText="Accepted" /><!-- duration: 18ms -->
  </step><!-- duration: 2795ms -->
