<step title="Incoming Request" date="2025-06-12T23:10:05.255" instance="a3822c" url="/api/deployments/latest?deployer=OneDeploy&amp;time=2025-06-12_23-09-48Z" method="GET" type="request" pid="821,1,34" Host="vitcotestcf-hqhrhwcaehe0cae6.scm.westus-01.azurewebsites.net" User-Agent="GITHUBACTIONS_DeployWebAppToAzure_fc82b46ba5bb77cadf9165663fd2d4f66cb4a31811d6f7161884776312762882" Authorization="Bea..." Content-Type="application/json; charset=utf-8" Cookie="ARRAffinity=a3822c2d8e6c282e858ccf385ab6ea78b8bef2fd91cc6dcf216d29853550333c;Path=/;HttpOnly;Secure;Domain=vitcotestcf-hqhrhwcaehe0cae6.scm.westus-01.azurewebsites.net; ARRAffinitySameSite=a3822c2d8e6c282e858ccf385ab6ea78b8bef2fd91cc6dcf216d29853550333c;Path=/;HttpOnly;SameSite=None;Secure;Domain=vitcotestcf-hqhrhwcaehe0cae6.scm.westus-01.azurewebsites.net" Content-Length="0" X-ARR-LOG-ID="82839527-7698-4775-946b-43dc6eb9797c" CLIENT-IP="40.83.173.114:1984" X-SITE-DEPLOYMENT-ID="vitcotestcf" WAS-DEFAULT-HOSTNAME="vitcotestcf-hqhrhwcaehe0cae6.scm.westus-01.azurewebsites.net" X-Forwarded-Proto="https" X-AppService-Proto="https" X-Forwarded-TlsVersion="1.3" X-WAWS-Unencoded-URL="/api/deployments/latest?deployer=OneDeploy&amp;time=2025-06-12_23-09-48Z" X-Client-IP="40.83.173.114" X-Client-Port="1984" >
  <step title="Cleanup Xml Logs" date="2025-06-12T23:10:05.273" /><!-- duration: 31ms -->
  <step title="DeploymentService.GetResult" date="2025-06-12T23:10:05.384" >
    <step title="DeploymentService.GetLatestDeployment" date="2025-06-12T23:10:05.442" >
      <step title="DeploymentManager.GetResults" date="2025-06-12T23:10:05.452" /><!-- duration: 482ms -->
      <step title="Deployment c0470fce-ad29-4133-93dc-e83f47440a3f is Building" date="2025-06-12T23:10:05.943" /><!-- duration: 1ms -->
    </step><!-- duration: 522ms -->
  </step><!-- duration: 588ms -->
  <step title="Outgoing response" date="2025-06-12T23:10:05.974" type="response" statusCode="202" statusText="Accepted" /><!-- duration: 8ms -->
</step><!-- duration: 728ms -->
