<step title="Incoming Request" date="2025-06-12T22:57:05.071" instance="a3822c" url="/api/deployments/latest?deployer=OneDeploy&amp;time=2025-06-12_22-56-36Z" method="GET" type="request" pid="821,1,37" Host="vitcotestcf-hqhrhwcaehe0cae6.scm.westus-01.azurewebsites.net" User-Agent="GITHUBACTIONS_DeployWebAppToAzure_fc82b46ba5bb77cadf9165663fd2d4f66cb4a31811d6f7161884776312762882" Authorization="Bea..." Content-Type="application/json; charset=utf-8" Cookie="ARRAffinity=a3822c2d8e6c282e858ccf385ab6ea78b8bef2fd91cc6dcf216d29853550333c;Path=/;HttpOnly;Secure;Domain=vitcotestcf-hqhrhwcaehe0cae6.scm.westus-01.azurewebsites.net; ARRAffinitySameSite=a3822c2d8e6c282e858ccf385ab6ea78b8bef2fd91cc6dcf216d29853550333c;Path=/;HttpOnly;SameSite=None;Secure;Domain=vitcotestcf-hqhrhwcaehe0cae6.scm.westus-01.azurewebsites.net" Content-Length="0" X-ARR-LOG-ID="bbc26ae4-76eb-48fb-850d-1eb27e1f183a" CLIENT-IP="13.91.216.21:1025" X-SITE-DEPLOYMENT-ID="vitcotestcf" WAS-DEFAULT-HOSTNAME="vitcotestcf-hqhrhwcaehe0cae6.scm.westus-01.azurewebsites.net" X-Forwarded-Proto="https" X-AppService-Proto="https" X-Forwarded-TlsVersion="1.3" X-WAWS-Unencoded-URL="/api/deployments/latest?deployer=OneDeploy&amp;time=2025-06-12_22-56-36Z" X-Client-IP="13.91.216.21" X-Client-Port="1025" >
  <step title="Cleanup Xml Logs" date="2025-06-12T22:57:05.073" /><!-- duration: 19ms -->
  <step title="DeploymentService.GetResult" date="2025-06-12T22:57:05.111" >
    <step title="DeploymentService.GetLatestDeployment" date="2025-06-12T22:57:05.141" >
      <step title="DeploymentManager.GetResults" date="2025-06-12T22:57:05.143" /><!-- duration: 470ms -->
      <step title="Deployment 749c5842-9ccd-48f7-a114-67e830bd171f is Building" date="2025-06-12T22:57:05.615" /><!-- duration: 8ms -->
    </step><!-- duration: 483ms -->
  </step><!-- duration: 515ms -->
  <step title="Outgoing response" date="2025-06-12T22:57:05.643" type="response" statusCode="202" statusText="Accepted" /><!-- duration: 2ms -->
</step><!-- duration: 593ms -->
