<step title="Incoming Request" date="2025-06-12T22:56:35.274" instance="a3822c" url="/api/publish?async=true&amp;deployer=GITHUB_ONE_DEPLOY&amp;type=zip&amp;message=%7B%22type%22%3A%22deployment%22%2C%22sha%22%3A%22d1711f8c687579802f04c80ab3113fbac6f6359b%22%2C%22repoName%22%3A%22ianrelecker%2FcloudflareFailover%22%2C%22actor%22%3A%22ianrelecker%22%2C%22slotName%22%3A%22Production%22%2C%22commitMessage%22%3A%22startup%20fix%22%7D" method="POST" type="request" pid="821,1,39" Host="vitcotestcf-hqhrhwcaehe0cae6.scm.westus-01.azurewebsites.net" User-Agent="GITHUBACTIONS_DeployWebAppToAzure_fc82b46ba5bb77cadf9165663fd2d4f66cb4a31811d6f7161884776312762882" Authorization="Bea..." Content-Type="application/octet-stream" Cookie="ARRAffinity=a3822c2d8e6c282e858ccf385ab6ea78b8bef2fd91cc6dcf216d29853550333c;Path=/;HttpOnly;Secure;Domain=vitcotestcf-hqhrhwcaehe0cae6.scm.westus-01.azurewebsites.net; ARRAffinitySameSite=a3822c2d8e6c282e858ccf385ab6ea78b8bef2fd91cc6dcf216d29853550333c;Path=/;HttpOnly;SameSite=None;Secure;Domain=vitcotestcf-hqhrhwcaehe0cae6.scm.westus-01.azurewebsites.net" Transfer-Encoding="chunked" X-ARR-LOG-ID="ca03f7de-2ab3-405b-b56d-18b5bf647a36" CLIENT-IP="13.91.216.21:1024" X-SITE-DEPLOYMENT-ID="vitcotestcf" WAS-DEFAULT-HOSTNAME="vitcotestcf-hqhrhwcaehe0cae6.scm.westus-01.azurewebsites.net" X-Forwarded-Proto="https" X-AppService-Proto="https" X-Forwarded-TlsVersion="1.3" X-WAWS-Unencoded-URL="/api/publish?async=true&amp;deployer=GITHUB_ONE_DEPLOY&amp;type=zip&amp;message=%7B%22type%22%3A%22deployment%22%2C%22sha%22%3A%22d1711f8c687579802f04c80ab3113fbac6f6359b%22%2C%22repoName%22%3A%22ianrelecker%2FcloudflareFailover%22%2C%22actor%22%3A%22ianrelecker%22%2C%22slotName%22%3A%22Production%22%2C%22commitMessage%22%3A%22startup%20fix%22%7D" X-Client-IP="13.91.216.21" X-Client-Port="1024" >
  <step title="OneDeploy" date="2025-06-12T22:56:35.415" >
    <step title="Starting PushDeployAsync" date="2025-06-12T22:56:35.427" /><!-- duration: 29ms -->
    <step title="Writing artifact to /tmp/zipdeploy/c8c9e737-1fe6-4e94-a2c5-df1c6f9b73a0.zip" date="2025-06-12T22:56:35.486" >
      <step title="Writing multipart request body to /tmp/zipdeploy/c8c9e737-1fe6-4e94-a2c5-df1c6f9b73a0.zip" date="2025-06-12T22:56:35.535" /><!-- duration: 1ms -->
    </step><!-- duration: 781ms -->
    <step title="Removing previous build artifact&apos;s manifest file" date="2025-06-12T22:56:36.276" >
      <step title="Start deployment in the background" date="2025-06-12T22:56:36.377" >
        <step title="Acquiring Deployment Lock" date="2025-06-12T22:56:36.440" /><!-- duration: 8ms -->
        <step title="Acquired Deployment Lock" date="2025-06-12T22:56:36.525" /><!-- duration: 1ms -->
      </step><!-- duration: 197ms -->
    </step><!-- duration: 301ms -->
    <step title="Outgoing response" date="2025-06-12T22:56:36.579" type="response" statusCode="202" statusText="Accepted" /><!-- duration: 1ms -->
  </step><!-- duration: 1166ms -->
