<step title="Incoming Request" date="2025-06-12T22:52:28.692" instance="a3822c" url="/api/deployments/latest?deployer=OneDeploy&amp;time=2025-06-12_22-52-22Z" method="GET" type="request" pid="821,1,41" Host="vitcotestcf-hqhrhwcaehe0cae6.scm.westus-01.azurewebsites.net" User-Agent="GITHUBACTIONS_DeployWebAppToAzure_fc82b46ba5bb77cadf9165663fd2d4f66cb4a31811d6f7161884776312762882" Authorization="Bea..." Content-Type="application/json; charset=utf-8" Cookie="ARRAffinity=a3822c2d8e6c282e858ccf385ab6ea78b8bef2fd91cc6dcf216d29853550333c;Path=/;HttpOnly;Secure;Domain=vitcotestcf-hqhrhwcaehe0cae6.scm.westus-01.azurewebsites.net; ARRAffinitySameSite=a3822c2d8e6c282e858ccf385ab6ea78b8bef2fd91cc6dcf216d29853550333c;Path=/;HttpOnly;SameSite=None;Secure;Domain=vitcotestcf-hqhrhwcaehe0cae6.scm.westus-01.azurewebsites.net" Content-Length="0" X-ARR-LOG-ID="3760577b-39d0-4592-9f44-f81ece49e146" CLIENT-IP="40.69.165.172:1985" X-SITE-DEPLOYMENT-ID="vitcotestcf" WAS-DEFAULT-HOSTNAME="vitcotestcf-hqhrhwcaehe0cae6.scm.westus-01.azurewebsites.net" X-Forwarded-Proto="https" X-AppService-Proto="https" X-Forwarded-TlsVersion="1.3" X-WAWS-Unencoded-URL="/api/deployments/latest?deployer=OneDeploy&amp;time=2025-06-12_22-52-22Z" X-Client-IP="40.69.165.172" X-Client-Port="1985" >
  <step title="Cleanup Xml Logs" date="2025-06-12T22:52:28.705" /><!-- duration: 19ms -->
  <step title="DeploymentService.GetResult" date="2025-06-12T22:52:28.732" >
    <step title="DeploymentService.GetLatestDeployment" date="2025-06-12T22:52:28.772" >
      <step title="DeploymentManager.GetResults" date="2025-06-12T22:52:28.784" /><!-- duration: 246ms -->
      <step title="Deployment b73f3e6f-7fc2-42ee-85c1-c88578897ceb is Pending" date="2025-06-12T22:52:29.031" /><!-- duration: 1ms -->
    </step><!-- duration: 262ms -->
  </step><!-- duration: 314ms -->
  <step title="Outgoing response" date="2025-06-12T22:52:29.057" type="response" statusCode="202" statusText="Accepted" /><!-- duration: 2ms -->
</step><!-- duration: 369ms -->
