<step title="BackgroundTrace" date="2025-06-12T22:52:21.955" instance="a3822c" url="/api/publish" method="POST" >
  <step title="Cleanup Xml Logs" date="2025-06-12T22:52:21.986" /><!-- duration: 10ms -->
  <step title="Creating temporary deployment - FetchDeploymentManager" date="2025-06-12T22:52:22.267" /><!-- duration: 1ms -->
  <step title="Creating temporary deployment" date="2025-06-12T22:52:22.296" /><!-- duration: 241ms -->
  <step title="Performing fetch based deployment" date="2025-06-12T22:52:22.749" >
    <step title="Cleaning up temp folders from previous zip deployments and extracting pushed zip file /tmp/zipdeploy/0f0925ac-c35f-4e6c-9434-2a5db78de7e4.zip (17.36 MB) to /tmp/zipdeploy/extracted" date="2025-06-12T22:52:23.991" >
      <step title="ChmodRecursive Process exited with total time taken in ms: 128" date="2025-06-12T22:52:26.334" /><!-- duration: 4ms -->
    </step><!-- duration: 2348ms -->
    <step title="Deployment timer started" date="2025-06-12T22:52:28.355" >
      <step title="DeploymentManager.Deploy(id:b73f3e6f-7fc2-42ee-85c1-c88578897ceb)" date="2025-06-12T22:52:28.385" >
        <step title="Collecting changeset information" date="2025-06-12T22:52:28.487" /><!-- duration: 161ms -->
        <step title="Updating submodules" date="2025-06-12T22:52:28.650" /><!-- duration: 1152ms -->
        <step title="Determining deployment builder" date="2025-06-12T22:52:29.986" >
          <step title="Builder is OryxBuilder" date="2025-06-12T22:52:30.035" /><!-- duration: 18ms -->
        </step><!-- duration: 70ms -->
        <step title="PreDeployment: context.CleanOutputPath False" date="2025-06-12T22:52:30.126" >
          <step title="PreDeployment: context.OutputPath /home/site/wwwroot" date="2025-06-12T22:52:30.258" >
            <step title="Building" date="2025-06-12T22:52:30.394" >
              <step title="Executing external process" date="2025-06-12T22:52:30.600" type="process" path="bash" arguments="-c &quot;oryx build /tmp/zipdeploy/extracted -o /home/site/wwwroot --platform python --platform-version 3.13 -p virtualenv_name=antenv --log-file /tmp/build-debug.log  -i /tmp/8ddaa03cf968362 --compress-destination-dir | tee /tmp/oryx-build.log ; exit $PIPESTATUS &quot;" /><!-- duration: 50834ms -->
              <step title="Using PythonDeploymentLogParser" date="2025-06-12T22:53:21.644" /><!-- duration: 2ms -->
              <step title="Modified file to trigger a restart of the app container." date="2025-06-12T22:53:22.368" /><!-- duration: 1ms -->
              <step title="Skip function trigger and logicapp sync because function is not enabled." date="2025-06-12T22:53:22.386" /><!-- duration: 19ms -->
            </step><!-- duration: 52519ms -->
          </step><!-- duration: 52658ms -->
          <step title="Cleaning up temp files" date="2025-06-12T22:53:22.917" /><!-- duration: 518ms -->
          <step title="Cleaning up temp files" date="2025-06-12T22:53:23.436" /><!-- duration: 528ms -->
          <step title="Reloading status file with latest updates" date="2025-06-12T22:53:23.981" >
            <step title="WebHooksManager.PublishEventAsync: PostDeployment" date="2025-06-12T22:53:23.990" /><!-- duration: 54ms -->
          </step><!-- duration: 64ms -->
          <step title="Cleaning up temporary deployment - fetch deployment was successful" date="2025-06-12T22:53:24.052" /><!-- duration: 1ms -->
        </step><!-- duration: 53955ms -->
      </step><!-- duration: 55701ms -->
