<step title="BackgroundTrace" date="2025-06-12T21:39:59.100" instance="a3822c" url="/api/publish" method="POST" >
  <step title="Cleanup Xml Logs" date="2025-06-12T21:39:59.111" /><!-- duration: 2ms -->
  <step title="Creating temporary deployment - FetchDeploymentManager" date="2025-06-12T21:39:59.165" /><!-- duration: 1ms -->
  <step title="Creating temporary deployment" date="2025-06-12T21:39:59.180" /><!-- duration: 159ms -->
  <step title="Performing fetch based deployment" date="2025-06-12T21:39:59.375" >
    <step title="Cleaning up temp folders from previous zip deployments and extracting pushed zip file /tmp/zipdeploy/9c20216e-f0f9-4bfe-b705-b35e039d5dea.zip (17.22 MB) to /tmp/zipdeploy/extracted" date="2025-06-12T21:40:00.593" >
      <step title="ChmodRecursive Process exited with total time taken in ms: 170" date="2025-06-12T21:40:05.977" /><!-- duration: 8ms -->
    </step><!-- duration: 5394ms -->
    <step title="Deployment timer started" date="2025-06-12T21:40:07.999" >
      <step title="DeploymentManager.Deploy(id:beabf876-4c42-4761-8deb-9e8b28ed29dc)" date="2025-06-12T21:40:08.015" >
        <step title="Collecting changeset information" date="2025-06-12T21:40:08.037" /><!-- duration: 140ms -->
        <step title="Updating submodules" date="2025-06-12T21:40:08.181" /><!-- duration: 1080ms -->
        <step title="Determining deployment builder" date="2025-06-12T21:40:09.396" >
          <step title="Builder is OryxBuilder" date="2025-06-12T21:40:09.427" /><!-- duration: 2ms -->
        </step><!-- duration: 42ms -->
        <step title="PreDeployment: context.CleanOutputPath False" date="2025-06-12T21:40:09.477" >
          <step title="PreDeployment: context.OutputPath /home/site/wwwroot" date="2025-06-12T21:40:09.547" >
            <step title="Building" date="2025-06-12T21:40:09.675" >
              <step title="Executing external process" date="2025-06-12T21:40:09.904" type="process" path="bash" arguments="-c &quot;oryx build /tmp/zipdeploy/extracted -o /home/site/wwwroot --platform python --platform-version 3.13 -p virtualenv_name=antenv --log-file /tmp/build-debug.log  -i /tmp/8dda9f9b45d9754 --compress-destination-dir | tee /tmp/oryx-build.log ; exit $PIPESTATUS &quot;" /><!-- duration: 72059ms -->
              <step title="Using PythonDeploymentLogParser" date="2025-06-12T21:41:22.268" /><!-- duration: 8ms -->
              <step title="Modified file to trigger a restart of the app container." date="2025-06-12T21:41:23.274" /><!-- duration: 3ms -->
              <step title="Skip function trigger and logicapp sync because function is not enabled." date="2025-06-12T21:41:23.283" /><!-- duration: 21ms -->
            </step><!-- duration: 74249ms -->
          </step><!-- duration: 74385ms -->
          <step title="Cleaning up temp files" date="2025-06-12T21:41:23.934" /><!-- duration: 1906ms -->
          <step title="Cleaning up temp files" date="2025-06-12T21:41:25.843" /><!-- duration: 506ms -->
          <step title="Reloading status file with latest updates" date="2025-06-12T21:41:26.368" >
            <step title="WebHooksManager.PublishEventAsync: PostDeployment" date="2025-06-12T21:41:26.375" /><!-- duration: 110ms -->
          </step><!-- duration: 119ms -->
          <step title="Cleaning up temporary deployment - fetch deployment was successful" date="2025-06-12T21:41:26.492" /><!-- duration: 1ms -->
        </step><!-- duration: 77067ms -->
      </step><!-- duration: 78546ms -->
