<step title="BackgroundTrace" date="2025-06-12T22:56:36.379" instance="a3822c" url="/api/publish" method="POST" >
  <step title="Cleanup Xml Logs" date="2025-06-12T22:56:36.408" /><!-- duration: 20ms -->
  <step title="Creating temporary deployment - FetchDeploymentManager" date="2025-06-12T22:56:36.527" /><!-- duration: 1ms -->
  <step title="Creating temporary deployment" date="2025-06-12T22:56:36.538" /><!-- duration: 35ms -->
  <step title="Performing fetch based deployment" date="2025-06-12T22:56:36.585" >
    <step title="Cleaning up temp folders from previous zip deployments and extracting pushed zip file /tmp/zipdeploy/c8c9e737-1fe6-4e94-a2c5-df1c6f9b73a0.zip (17.35 MB) to /tmp/zipdeploy/extracted" date="2025-06-12T22:56:37.700" >
      <step title="ChmodRecursive Process exited with total time taken in ms: 108" date="2025-06-12T22:56:39.894" /><!-- duration: 3ms -->
    </step><!-- duration: 2198ms -->
    <step title="Deployment timer started" date="2025-06-12T22:56:41.977" >
      <step title="DeploymentManager.Deploy(id:749c5842-9ccd-48f7-a114-67e830bd171f)" date="2025-06-12T22:56:41.990" >
        <step title="Collecting changeset information" date="2025-06-12T22:56:42.011" /><!-- duration: 91ms -->
        <step title="Updating submodules" date="2025-06-12T22:56:42.104" /><!-- duration: 1076ms -->
        <step title="Determining deployment builder" date="2025-06-12T22:56:43.301" >
          <step title="Builder is OryxBuilder" date="2025-06-12T22:56:43.320" /><!-- duration: 2ms -->
        </step><!-- duration: 39ms -->
        <step title="PreDeployment: context.CleanOutputPath False" date="2025-06-12T22:56:43.380" >
          <step title="PreDeployment: context.OutputPath /home/site/wwwroot" date="2025-06-12T22:56:43.441" >
            <step title="Building" date="2025-06-12T22:56:43.516" >
              <step title="Executing external process" date="2025-06-12T22:56:43.716" type="process" path="bash" arguments="-c &quot;oryx build /tmp/zipdeploy/extracted -o /home/site/wwwroot --platform python --platform-version 3.13 -p virtualenv_name=antenv --log-file /tmp/build-debug.log  -i /tmp/8ddaa04668a8936 --compress-destination-dir | tee /tmp/oryx-build.log ; exit $PIPESTATUS &quot;" /><!-- duration: 63916ms -->
              <step title="Using PythonDeploymentLogParser" date="2025-06-12T22:57:47.840" /><!-- duration: 2ms -->
              <step title="Modified file to trigger a restart of the app container." date="2025-06-12T22:57:48.492" /><!-- duration: 5ms -->
              <step title="Skip function trigger and logicapp sync because function is not enabled." date="2025-06-12T22:57:48.508" /><!-- duration: 1ms -->
            </step><!-- duration: 65593ms -->
          </step><!-- duration: 65670ms -->
          <step title="Cleaning up temp files" date="2025-06-12T22:57:49.118" /><!-- duration: 370ms -->
          <step title="Cleaning up temp files" date="2025-06-12T22:57:49.489" /><!-- duration: 512ms -->
          <step title="Reloading status file with latest updates" date="2025-06-12T22:57:50.016" >
            <step title="WebHooksManager.PublishEventAsync: PostDeployment" date="2025-06-12T22:57:50.026" /><!-- duration: 33ms -->
          </step><!-- duration: 45ms -->
          <step title="Cleaning up temporary deployment - fetch deployment was successful" date="2025-06-12T22:57:50.069" /><!-- duration: 1ms -->
        </step><!-- duration: 66740ms -->
      </step><!-- duration: 68136ms -->
