﻿<?xml version="1.0" encoding="utf-8"?>
<deployment>
  <id>beabf876-4c42-4761-8deb-9e8b28ed29dc</id>
  <author>N/A</author>
  <deployer>OneDeploy</deployer>
  <authorEmail>N/A</authorEmail>
  <message>OneDeploy</message>
  <progress></progress>
  <status>Success</status>
  <statusText></statusText>
  <lastSuccessEndTime>2025-06-12T21:41:23.6220209Z</lastSuccessEndTime>
  <receivedTime>2025-06-12T21:40:08.0783857Z</receivedTime>
  <startTime>2025-06-12T21:40:09.3641652Z</startTime>
  <endTime>2025-06-12T21:41:23.6220209Z</endTime>
  <complete>True</complete>
  <is_temp>False</is_temp>
  <is_readonly>True</is_readonly>
  <buildSummary />
</deployment>