﻿<?xml version="1.0" encoding="utf-8"?>
<deployment>
  <id>749c5842-9ccd-48f7-a114-67e830bd171f</id>
  <author>N/A</author>
  <deployer>OneDeploy</deployer>
  <authorEmail>N/A</authorEmail>
  <message>OneDeploy</message>
  <progress></progress>
  <status>Success</status>
  <statusText></statusText>
  <lastSuccessEndTime>2025-06-12T22:57:48.8703382Z</lastSuccessEndTime>
  <receivedTime>2025-06-12T22:56:42.0500283Z</receivedTime>
  <startTime>2025-06-12T22:56:43.2714565Z</startTime>
  <endTime>2025-06-12T22:57:48.8703382Z</endTime>
  <complete>True</complete>
  <is_temp>False</is_temp>
  <is_readonly>True</is_readonly>
  <buildSummary />
</deployment>