﻿<?xml version="1.0" encoding="utf-8"?>
<deployment>
  <id>08471047-2bba-43f1-a059-2faac50d8df2</id>
  <author>N/A</author>
  <deployer>OneDeploy</deployer>
  <authorEmail>N/A</authorEmail>
  <message>OneDeploy</message>
  <progress></progress>
  <status>Success</status>
  <statusText></statusText>
  <lastSuccessEndTime>2025-06-12T22:27:23.9548799Z</lastSuccessEndTime>
  <receivedTime>2025-06-12T22:26:06.2835355Z</receivedTime>
  <startTime>2025-06-12T22:26:07.6086148Z</startTime>
  <endTime>2025-06-12T22:27:23.9548799Z</endTime>
  <complete>True</complete>
  <is_temp>False</is_temp>
  <is_readonly>True</is_readonly>
  <buildSummary />
</deployment>