﻿<?xml version="1.0" encoding="utf-8"?>
<deployment>
  <id>b73f3e6f-7fc2-42ee-85c1-c88578897ceb</id>
  <author>N/A</author>
  <deployer>OneDeploy</deployer>
  <authorEmail>N/A</authorEmail>
  <message>OneDeploy</message>
  <progress></progress>
  <status>Success</status>
  <statusText></statusText>
  <lastSuccessEndTime>2025-06-12T22:53:22.7129228Z</lastSuccessEndTime>
  <receivedTime>2025-06-12T22:52:28.5546811Z</receivedTime>
  <startTime>2025-06-12T22:52:29.9531274Z</startTime>
  <endTime>2025-06-12T22:53:22.7129228Z</endTime>
  <complete>True</complete>
  <is_temp>False</is_temp>
  <is_readonly>True</is_readonly>
  <buildSummary />
</deployment>