<step title="Incoming Request" date="2025-06-12T21:39:58.044" instance="a3822c" url="/api/publish?async=true&amp;deployer=GITHUB_ONE_DEPLOY&amp;type=zip&amp;message=%7B%22type%22%3A%22deployment%22%2C%22sha%22%3A%22c6cdecceb6449b35628ac044b0ea7d78e83c6546%22%2C%22repoName%22%3A%22ianrelecker%2FcloudflareFailover%22%2C%22actor%22%3A%22ianrelecker%22%2C%22slotName%22%3A%22Production%22%2C%22commitMessage%22%3A%22%22%7D" method="POST" type="request" pid="820,1,18" Host="vitcotestcf-hqhrhwcaehe0cae6.scm.westus-01.azurewebsites.net" User-Agent="GITHUBACTIONS_DeployWebAppToAzure_fc82b46ba5bb77cadf9165663fd2d4f66cb4a31811d6f7161884776312762882" Authorization="Bea..." Content-Type="application/octet-stream" Cookie="ARRAffinity=a3822c2d8e6c282e858ccf385ab6ea78b8bef2fd91cc6dcf216d29853550333c;Path=/;HttpOnly;Secure;Domain=vitcotestcf-hqhrhwcaehe0cae6.scm.westus-01.azurewebsites.net; ARRAffinitySameSite=a3822c2d8e6c282e858ccf385ab6ea78b8bef2fd91cc6dcf216d29853550333c;Path=/;HttpOnly;SameSite=None;Secure;Domain=vitcotestcf-hqhrhwcaehe0cae6.scm.westus-01.azurewebsites.net" Transfer-Encoding="chunked" X-ARR-LOG-ID="ddd11599-b1ba-4a48-92ff-f1c1b4431caf" CLIENT-IP="20.42.44.132:19520" X-SITE-DEPLOYMENT-ID="vitcotestcf" WAS-DEFAULT-HOSTNAME="vitcotestcf-hqhrhwcaehe0cae6.scm.westus-01.azurewebsites.net" X-Forwarded-Proto="https" X-AppService-Proto="https" X-Forwarded-TlsVersion="1.3" X-WAWS-Unencoded-URL="/api/publish?async=true&amp;deployer=GITHUB_ONE_DEPLOY&amp;type=zip&amp;message=%7B%22type%22%3A%22deployment%22%2C%22sha%22%3A%22c6cdecceb6449b35628ac044b0ea7d78e83c6546%22%2C%22repoName%22%3A%22ianrelecker%2FcloudflareFailover%22%2C%22actor%22%3A%22ianrelecker%22%2C%22slotName%22%3A%22Production%22%2C%22commitMessage%22%3A%22%22%7D" X-Client-IP="20.42.44.132" X-Client-Port="19520" >
  <step title="OneDeploy" date="2025-06-12T21:39:58.295" >
    <step title="None repository commit" date="2025-06-12T21:39:58.314" >
      <step title="Commit id: beabf876-4c42-4761-8deb-9e8b28ed29dc" date="2025-06-12T21:39:58.315" Message="N/A" AuthorName="N/A" AuthorEmail="N/A" /><!-- duration: 1ms -->
    </step><!-- duration: 3ms -->
    <step title="Starting PushDeployAsync" date="2025-06-12T21:39:58.332" /><!-- duration: 2ms -->
    <step title="Writing artifact to /tmp/zipdeploy/9c20216e-f0f9-4bfe-b705-b35e039d5dea.zip" date="2025-06-12T21:39:58.353" >
      <step title="Writing multipart request body to /tmp/zipdeploy/9c20216e-f0f9-4bfe-b705-b35e039d5dea.zip" date="2025-06-12T21:39:58.362" /><!-- duration: 1ms -->
    </step><!-- duration: 714ms -->
    <step title="Start deployment in the background" date="2025-06-12T21:39:59.092" >
      <step title="Acquiring Deployment Lock" date="2025-06-12T21:39:59.133" /><!-- duration: 2ms -->
      <step title="Acquired Deployment Lock" date="2025-06-12T21:39:59.162" /><!-- duration: 1ms -->
    </step><!-- duration: 250ms -->
  </step><!-- duration: 1051ms -->
  <step title="Outgoing response" date="2025-06-12T21:39:59.356" type="response" statusCode="202" statusText="Accepted" /><!-- duration: 2ms -->
</step><!-- duration: 1316ms -->
