<step title="Incoming Request" date="2025-06-12T22:27:19.545" instance="a3822c" url="/api/deployments/latest?deployer=OneDeploy&amp;time=2025-06-12_22-25-59Z" method="GET" type="request" pid="821,1,27" Host="vitcotestcf-hqhrhwcaehe0cae6.scm.westus-01.azurewebsites.net" User-Agent="GITHUBACTIONS_DeployWebAppToAzure_fc82b46ba5bb77cadf9165663fd2d4f66cb4a31811d6f7161884776312762882" Authorization="Bea..." Content-Type="application/json; charset=utf-8" Cookie="ARRAffinity=a3822c2d8e6c282e858ccf385ab6ea78b8bef2fd91cc6dcf216d29853550333c;Path=/;HttpOnly;Secure;Domain=vitcotestcf-hqhrhwcaehe0cae6.scm.westus-01.azurewebsites.net; ARRAffinitySameSite=a3822c2d8e6c282e858ccf385ab6ea78b8bef2fd91cc6dcf216d29853550333c;Path=/;HttpOnly;SameSite=None;Secure;Domain=vitcotestcf-hqhrhwcaehe0cae6.scm.westus-01.azurewebsites.net" Content-Length="0" X-ARR-LOG-ID="1bdd22b1-3abd-4e19-b71d-abb67b86725d" CLIENT-IP="20.171.139.89:1986" X-SITE-DEPLOYMENT-ID="vitcotestcf" WAS-DEFAULT-HOSTNAME="vitcotestcf-hqhrhwcaehe0cae6.scm.westus-01.azurewebsites.net" X-Forwarded-Proto="https" X-AppService-Proto="https" X-Forwarded-TlsVersion="1.3" X-WAWS-Unencoded-URL="/api/deployments/latest?deployer=OneDeploy&amp;time=2025-06-12_22-25-59Z" X-Client-IP="20.171.139.89" X-Client-Port="1986" >
  <step title="Cleanup Xml Logs" date="2025-06-12T22:27:19.584" /><!-- duration: 21ms -->
  <step title="DeploymentService.GetResult" date="2025-06-12T22:27:19.824" >
    <step title="DeploymentService.GetLatestDeployment" date="2025-06-12T22:27:19.836" >
      <step title="DeploymentManager.GetResults" date="2025-06-12T22:27:19.844" /><!-- duration: 147ms -->
      <step title="Deployment 08471047-2bba-43f1-a059-2faac50d8df2 is Building" date="2025-06-12T22:27:19.997" /><!-- duration: 1ms -->
    </step><!-- duration: 173ms -->
  </step><!-- duration: 223ms -->
  <step title="Outgoing response" date="2025-06-12T22:27:20.077" type="response" statusCode="202" statusText="Accepted" /><!-- duration: 11ms -->
</step><!-- duration: 552ms -->
